,climate change,global warming,green house,temperature,extreme weather,global environmental change,climate variability,greenhouse,low carbon,ghge,renewable energy,carbon emission,co2 emission,climate pollutant,sum,date
0,0,0,0,0,0,0,0,0,0,0,0,0,0,0,0,2003-01-30
0,0,0,0,0,0,0,0,0,0,0,0,0,0,0,0,2003-10-09
0,0,0,0,0,0,0,0,0,0,0,0,0,0,0,0,2003-09-03
0,0,0,0,0,0,0,0,0,0,0,0,0,0,0,0,2003-03-26
0,0,0,0,0,0,0,0,2,0,0,0,0,0,0,2,2003-06-18
0,0,0,0,0,0,0,0,0,0,0,0,0,0,0,0,2003-11-19
0,0,0,0,0,0,0,0,0,0,0,0,0,0,0,0,2003-06-02
0,0,0,0,0,0,0,0,0,0,0,0,0,0,0,0,2003-12-16
0,0,0,0,0,0,0,0,0,0,0,0,0,0,0,0,2003-02-11
0,0,0,0,0,0,0,0,6,0,0,0,0,0,0,6,2003-10-20
0,0,0,0,0,0,0,0,0,0,0,0,0,0,0,0,2003-11-18
0,0,0,0,0,0,0,0,0,0,0,0,0,0,0,0,2003-12-04
0,0,0,0,0,0,0,0,0,0,0,0,0,0,0,0,2003-09-04
0,0,0,0,0,0,0,0,0,0,0,0,0,0,0,0,2003-05-13
0,0,0,0,0,0,0,0,0,0,0,0,0,0,0,0,2003-12-03
0,0,0,0,0,0,0,0,6,0,0,0,0,0,0,6,2003-09-01
0,0,0,0,0,0,0,0,0,0,0,0,0,0,0,0,2003-02-13
0,0,0,0,0,0,0,0,0,0,0,0,0,0,0,0,2003-05-14
0,0,0,0,0,0,0,0,0,0,0,0,0,0,0,0,2003-03-13
0,0,0,0,0,0,0,0,0,0,0,0,0,0,0,0,2003-12-17
0,0,0,0,0,0,0,0,0,0,0,0,0,0,0,2,2003-05-12
0,0,0,0,0,0,0,0,2,0,0,0,0,0,0,2,2003-07-01
0,0,0,0,0,0,0,0,0,0,0,0,0,0,0,0,2003-03-10
0,0,0,0,0,0,0,0,0,0,0,0,0,0,0,0,2003-09-24
0,0,0,0,0,0,0,0,0,0,0,0,0,0,0,0,2003-10-23
0,0,0,0,0,0,0,0,0,0,0,0,0,0,0,0,2003-09-23
0,0,0,0,0,0,0,0,2,0,0,0,0,0,0,2,2003-02-10
0,0,0,0,0,0,0,0,0,0,0,0,0,0,0,0,2003-09-02
0,0,0,0,0,0,0,0,0,0,0,0,0,0,0,0,2003-11-17
0,0,0,0,0,0,0,0,0,0,0,0,0,0,0,0,2003-11-20
0,0,0,0,0,0,0,0,0,0,0,0,0,0,0,0,2003-06-03
0,0,0,0,0,0,0,0,0,0,0,0,0,0,0,0,2003-03-20
0,0,0,0,0,0,0,0,0,0,0,0,0,0,0,0,2003-04-07
0,0,0,0,0,0,0,0,0,0,0,0,0,0,0,2,2003-04-09
0,0,0,0,0,0,0,0,0,0,0,0,0,0,0,0,2003-03-12
0,0,0,0,0,0,0,0,0,0,0,0,0,0,0,0,2003-06-04
0,0,0,0,0,0,0,0,0,0,0,0,0,0,0,0,2003-10-22
0,0,0,0,0,0,0,0,0,0,0,0,0,0,0,0,2003-01-29
0,0,0,0,0,0,0,0,0,0,0,0,0,0,0,0,2003-06-05
0,0,0,0,0,0,0,0,0,0,0,0,0,0,0,0,2003-04-10
0,0,0,0,0,0,0,0,2,0,0,0,0,0,0,2,2003-03-27
0,0,0,0,0,0,0,0,0,0,0,0,0,0,0,0,2003-11-06
0,0,0,0,0,0,0,0,0,0,0,0,0,0,0,0,2003-06-30
0,0,0,0,0,0,0,0,6,0,0,0,0,0,0,6,2003-10-21
0,0,0,0,0,0,0,0,0,0,0,0,0,0,0,0,2003-11-05
0,0,0,0,0,0,0,0,0,0,0,0,0,0,0,0,2003-06-19
0,0,0,0,0,0,0,0,0,0,0,0,0,0,0,0,2003-09-25
0,0,0,0,0,0,0,0,2,0,0,0,0,0,0,2,2003-07-02
0,0,0,0,0,0,0,0,0,0,0,0,0,0,0,0,2003-12-18
0,0,0,0,0,0,0,0,0,0,0,0,0,0,0,0,2003-01-16
0,0,0,0,0,0,0,0,0,0,0,0,0,0,0,0,2003-03-11
0,0,0,0,0,0,0,0,0,0,0,0,0,0,0,0,2003-10-08
0,0,0,0,0,0,0,0,0,0,0,0,0,0,0,0,2003-04-08
0,0,0,0,0,0,0,0,0,0,0,0,0,0,0,0,2003-01-14
0,0,0,0,0,0,0,0,2,0,0,0,0,0,0,2,2003-09-22
0,0,0,0,0,0,0,0,0,0,0,0,0,0,0,0,2003-12-15
0,0,0,0,0,0,0,0,0,0,0,0,0,0,0,0,2003-02-12
0,0,0,0,0,0,0,0,0,0,0,0,0,0,0,0,2003-05-15
0,0,0,0,0,0,0,0,0,0,0,0,0,0,0,0,2003-01-15
0,0,0,0,0,0,0,0,0,0,0,0,0,0,0,2,2003-01-13
0,0,0,0,0,0,0,0,0,0,0,0,0,0,0,0,2004-05-04
0,0,0,0,0,0,0,0,0,0,0,0,0,0,0,0,2004-01-29
0,0,0,0,0,0,0,0,0,0,0,0,0,0,0,0,2004-01-12
0,0,0,0,0,0,0,0,0,0,0,0,0,0,0,0,2004-02-11
0,0,0,0,0,0,0,0,0,0,0,0,0,0,0,0,2004-01-28
0,0,0,0,0,0,0,0,0,0,0,0,0,0,0,0,2004-01-15
0,0,0,0,0,0,0,0,0,0,0,0,0,0,0,0,2004-02-09
0,0,0,0,0,0,0,0,0,0,0,0,0,0,0,0,2004-03-10
0,0,0,0,0,0,0,0,0,0,0,0,0,0,0,0,2004-02-12
0,0,0,0,0,0,0,0,0,0,0,0,0,0,0,0,2004-02-10
0,0,0,0,0,0,0,0,0,0,0,0,0,0,0,0,2004-03-11
0,0,0,0,0,0,0,0,0,0,0,0,0,0,0,0,2004-01-14
0,0,0,0,0,0,0,0,0,0,0,0,0,0,0,0,2004-01-13
0,0,0,0,0,0,0,0,0,0,0,0,0,0,0,0,2004-03-09
0,0,0,0,0,0,0,0,0,0,0,0,0,0,0,0,2004-02-26
0,0,0,0,0,0,0,0,6,0,0,0,0,0,0,6,2004-03-30
0,0,0,0,0,0,0,0,0,0,0,0,0,0,0,0,2004-04-22
0,0,0,0,0,0,0,0,2,0,0,0,0,0,0,2,2004-04-19
0,0,0,0,0,0,0,0,0,0,0,0,0,0,0,0,2004-04-01
0,0,0,0,0,0,0,0,0,0,0,0,0,0,0,0,2004-03-08
0,0,0,0,0,0,0,0,0,0,0,0,0,0,0,0,2004-05-03
0,0,0,0,0,0,0,0,0,0,0,0,0,0,0,0,2004-05-05
0,0,0,0,0,0,0,0,2,0,0,0,0,0,0,2,2004-04-20
0,0,0,0,0,0,0,0,0,0,0,0,0,0,0,0,2004-04-21
0,0,0,0,0,0,0,0,6,0,0,0,0,0,0,6,2004-03-31
0,0,0,0,0,0,0,0,0,0,0,0,0,0,0,0,2004-02-25
0,0,0,0,0,0,0,0,4,0,0,0,0,0,0,4,2004-03-29
0,0,0,0,0,0,0,0,0,0,0,0,0,0,0,0,2004-12-02
0,0,0,0,0,0,0,0,0,0,0,0,0,0,0,0,2004-11-16
0,0,0,0,0,0,0,0,0,0,0,0,0,0,0,0,2004-10-26
0,0,0,0,0,0,0,0,0,0,0,0,0,0,0,0,2004-11-18
0,0,0,0,0,0,0,0,0,0,0,0,0,0,0,0,2004-09-16
0,0,0,0,0,0,0,0,0,0,0,0,0,0,0,0,2004-11-17
0,0,0,0,0,0,0,0,0,0,0,0,0,0,0,0,2004-12-16
0,0,0,0,0,0,0,0,0,0,0,0,0,0,0,0,2004-07-20
0,0,0,0,0,0,0,0,0,0,0,0,0,0,0,0,2004-09-14
0,0,0,0,0,0,0,0,0,0,0,0,0,0,0,0,2004-12-15
0,0,0,0,0,0,0,0,0,0,0,0,0,0,0,0,2004-10-27
0,0,0,0,0,0,0,0,0,0,0,0,0,0,0,0,2004-10-28
0,0,0,0,0,0,0,0,0,0,0,0,0,0,0,0,2004-11-15
0,0,0,0,0,0,0,0,0,0,0,0,0,0,0,0,2004-10-14
0,0,0,0,0,0,0,0,0,0,0,0,0,0,0,0,2004-12-01
0,0,0,0,0,0,0,0,0,0,0,0,0,0,0,0,2004-10-13
0,0,0,0,0,0,0,0,0,0,0,0,0,0,0,0,2004-12-13
0,0,0,0,0,0,0,0,0,0,0,0,0,0,0,0,2004-07-22
0,0,0,0,0,0,0,0,0,0,0,0,0,0,0,0,2004-12-14
0,0,0,0,0,0,0,0,2,0,0,0,0,0,0,2,2004-10-25
0,0,0,0,0,0,0,0,0,0,0,0,0,0,0,0,2004-09-13
0,0,0,0,0,0,0,0,0,0,0,0,0,0,0,0,2004-09-15
0,0,0,0,0,0,0,0,0,0,0,0,0,0,0,0,2004-07-21
0,0,0,0,0,0,0,0,0,0,0,0,0,0,0,0,2005-03-07
0,0,0,0,0,0,0,0,0,0,0,0,0,0,0,0,2005-01-26
0,0,0,0,0,0,0,0,0,0,0,0,0,0,0,0,2005-01-12
0,0,0,0,0,0,0,0,0,0,0,0,0,0,0,0,2005-02-23
0,0,0,0,0,0,0,0,0,0,0,0,0,0,0,0,2005-03-08
0,0,0,0,0,0,0,0,0,0,0,0,0,0,0,0,2005-02-22
0,0,0,0,0,0,0,0,0,0,0,0,0,0,0,0,2005-01-27
0,0,0,0,0,0,0,0,0,0,0,0,0,0,0,0,2005-02-21
0,0,0,0,0,0,0,0,0,0,0,0,0,0,0,0,2005-03-10
0,0,0,0,0,0,0,0,0,0,0,0,0,0,0,0,2005-01-13
0,0,0,0,0,0,0,0,0,0,0,0,0,0,0,2,2005-02-24
0,0,0,0,0,0,0,0,0,0,0,0,0,0,0,0,2005-01-11
0,0,0,0,0,0,0,0,0,0,0,0,0,0,0,0,2005-01-10
0,0,0,0,0,0,0,0,0,0,0,0,0,0,0,0,2005-03-09
0,0,0,0,0,0,0,0,0,0,0,0,0,0,0,0,2005-05-09
0,0,0,0,0,0,0,0,0,0,0,0,0,0,0,0,2005-07-04
0,0,0,0,0,0,0,0,0,0,0,0,0,0,0,0,2005-10-25
0,0,0,0,0,0,0,0,0,0,0,0,0,0,0,0,2005-09-27
0,0,0,0,0,0,0,0,0,0,0,0,0,0,0,0,2005-09-08
0,0,0,0,0,0,0,0,0,0,0,0,0,0,0,0,2005-04-28
0,0,0,0,0,0,0,0,0,0,0,0,0,0,0,0,2005-05-26
0,0,0,0,0,0,0,0,0,0,0,0,0,0,0,0,2005-11-30
0,0,0,0,0,0,0,0,0,0,0,0,0,0,0,0,2005-07-06
0,0,0,0,0,0,0,0,0,0,0,0,0,0,0,0,2005-09-05
0,0,0,0,0,0,0,0,0,0,0,0,0,0,0,0,2005-10-12
0,0,0,0,0,0,0,0,0,0,0,0,0,0,0,0,2005-11-15
0,0,0,0,0,0,0,0,0,0,0,0,0,0,0,0,2005-04-14
0,0,0,0,0,0,0,0,0,0,0,0,0,0,0,0,2005-06-06
0,0,0,0,0,0,0,0,6,0,0,0,0,0,0,6,2005-10-26
0,0,0,0,0,0,0,0,2,0,0,0,0,0,0,2,2005-07-07
0,0,0,0,0,0,0,0,0,0,0,0,0,0,0,0,2005-06-09
0,0,0,0,0,0,0,0,0,0,0,0,0,0,0,0,2005-06-08
0,0,0,0,0,0,0,0,0,0,0,0,0,0,0,0,2005-11-16
0,0,0,0,0,0,0,0,0,0,0,0,0,0,0,0,2005-09-07
0,0,0,0,0,0,0,0,0,0,0,0,0,0,0,0,2005-12-14
0,0,0,0,0,0,0,0,8,0,0,0,0,0,0,10,2005-10-24
0,0,0,0,0,0,0,0,0,0,0,0,0,0,0,0,2005-06-22
0,0,0,0,0,0,0,0,0,0,0,0,0,0,0,0,2005-09-28
0,0,0,0,0,0,0,0,0,0,0,0,0,0,0,0,2005-04-13
0,0,0,0,0,0,0,0,0,0,0,0,0,0,0,0,2005-05-12
0,0,0,0,0,0,0,0,0,0,0,0,0,0,0,0,2005-04-27
0,0,0,0,0,0,0,0,0,0,0,0,0,0,0,0,2005-12-13
0,0,0,0,0,0,0,0,0,0,0,0,0,0,0,0,2005-09-29
0,0,0,0,0,0,0,0,0,0,0,0,0,0,0,0,2005-07-05
0,0,0,0,0,0,0,0,0,0,0,0,0,0,0,0,2005-11-14
0,0,0,0,0,0,0,0,0,0,0,0,0,0,0,2,2005-05-11
0,0,0,0,0,0,0,0,0,0,0,0,0,0,0,0,2005-09-26
0,0,0,0,0,0,0,0,0,0,0,0,0,0,0,0,2005-12-01
0,0,0,0,0,0,0,0,0,0,0,0,0,0,0,0,2005-05-10
0,0,0,0,0,0,0,0,0,0,0,0,0,0,0,0,2005-06-07
0,0,0,0,0,0,0,0,0,0,0,0,0,0,0,0,2005-09-06
0,0,0,0,0,0,0,0,0,0,0,0,0,0,0,0,2005-12-15
0,0,0,0,0,0,0,0,0,0,0,0,0,0,0,0,2005-04-11
0,0,0,0,0,0,0,0,0,0,0,0,0,0,0,4,2005-06-23
0,0,0,0,0,0,0,0,0,0,0,0,0,0,0,0,2005-12-12
0,0,0,0,0,0,0,0,0,0,0,0,0,0,0,0,2005-11-17
0,0,0,0,0,0,0,0,0,0,0,0,0,0,0,0,2005-04-12
0,0,0,0,0,0,0,0,0,0,0,0,0,0,0,0,2005-05-25
0,0,0,0,0,0,0,0,0,0,0,0,0,0,0,0,2006-06-20
0,0,0,0,0,0,0,0,0,0,0,0,0,0,0,0,2006-03-22
0,0,0,0,0,0,0,0,0,0,0,0,0,0,0,0,2006-09-27
0,0,0,0,0,0,0,0,4,0,0,0,0,0,0,4,2006-04-03
0,0,0,0,0,0,0,0,0,0,0,0,0,0,0,0,2006-07-03
0,0,0,0,0,0,0,0,0,0,0,0,0,0,0,0,2006-11-16
0,0,0,0,0,0,0,0,0,0,0,0,0,0,0,0,2006-11-29
0,0,0,0,0,0,0,0,0,0,0,0,0,0,0,0,2006-05-31
0,0,0,0,0,0,0,0,0,0,0,0,0,0,0,0,2006-09-06
0,0,0,0,0,0,0,0,0,0,0,0,0,0,0,0,2006-11-13
0,0,0,0,0,0,0,0,0,0,0,0,0,0,0,2,2006-06-15
0,0,0,0,0,0,0,0,0,0,0,0,0,0,0,0,2006-10-12
0,0,0,0,0,0,0,0,0,0,0,0,0,0,0,0,2006-03-15
0,0,0,0,0,0,0,0,6,0,0,0,0,0,0,6,2006-04-05
0,0,0,0,0,0,0,0,0,0,0,0,0,0,0,0,2006-11-14
0,0,0,0,0,0,0,0,0,0,0,0,0,0,0,2,2006-12-12
0,0,0,0,0,0,0,0,0,0,0,0,0,0,0,0,2006-02-01
0,0,0,0,0,0,0,0,0,0,0,0,0,0,0,0,2006-12-11
0,0,0,0,0,0,0,0,0,0,0,0,0,0,0,0,2006-09-04
0,0,0,0,0,0,0,0,6,0,0,0,0,0,0,6,2006-04-04
0,0,0,0,0,0,0,0,0,0,0,0,0,0,0,0,2006-10-24
0,0,0,0,0,0,0,0,0,0,0,0,0,0,0,0,2006-09-26
0,0,0,0,0,0,0,0,0,0,0,0,0,0,0,0,2006-06-01
0,0,0,0,0,0,0,0,0,0,0,0,0,0,0,0,2006-10-25
0,0,0,0,0,0,0,0,0,0,0,0,0,0,0,0,2006-12-18
0,0,0,0,0,0,0,0,0,0,0,0,0,0,0,0,2006-10-26
0,0,0,0,0,0,0,0,0,0,0,0,0,0,0,0,2006-09-25
0,0,0,0,0,0,0,0,0,0,0,0,0,0,0,0,2006-07-06
0,0,0,0,0,0,0,0,0,0,0,0,0,0,0,0,2006-01-16
0,0,0,0,0,0,0,0,0,0,0,0,0,0,0,0,2006-09-07
0,0,0,0,0,0,0,0,0,0,0,0,0,0,0,0,2006-12-13
0,0,0,0,0,0,0,0,0,0,0,0,0,0,0,0,2006-06-14
0,0,0,0,0,0,0,0,0,0,0,0,0,0,0,0,2006-11-30
0,0,0,0,0,0,0,0,0,0,0,0,0,0,0,0,2006-05-16
0,0,0,0,0,0,0,0,0,0,0,0,0,0,0,0,2006-02-13
0,0,0,0,0,0,0,0,0,0,0,0,0,0,0,0,2006-10-23
0,0,0,0,0,0,0,0,0,0,0,0,0,0,0,0,2006-07-05
0,0,0,0,0,0,0,0,0,0,0,0,0,0,0,0,2006-02-16
0,0,0,0,0,0,0,0,0,0,0,0,0,0,0,0,2006-02-14
0,0,0,0,0,0,0,0,0,0,0,0,0,0,0,0,2006-06-12
0,0,0,0,0,0,0,0,0,0,0,0,0,0,0,0,2006-12-14
0,0,0,0,0,0,0,0,0,0,0,0,0,0,0,0,2006-11-15
0,0,0,0,0,0,0,0,0,0,0,0,0,0,0,0,2006-05-17
0,0,0,0,0,0,0,0,0,0,0,0,0,0,0,0,2006-03-14
0,0,0,0,0,0,0,0,6,0,0,0,0,0,0,6,2006-04-06
0,0,0,0,0,0,0,0,0,0,0,0,0,0,0,0,2006-06-13
0,0,0,0,0,0,0,0,0,0,0,0,0,0,0,0,2006-01-17
0,0,0,0,0,0,0,0,0,0,0,0,0,0,0,0,2006-03-23
0,0,0,0,0,0,0,0,0,0,0,0,0,0,0,0,2006-02-15
0,0,0,0,0,0,0,0,0,0,0,0,0,0,0,0,2006-04-26
0,0,0,0,0,0,0,0,0,0,0,0,0,0,0,0,2006-02-02
0,0,0,0,0,0,0,0,0,0,0,0,0,0,0,0,2006-01-18
0,0,0,0,0,0,0,0,0,0,0,0,0,0,0,0,2006-09-05
0,0,0,0,0,0,0,0,0,0,0,0,0,0,0,0,2006-01-19
0,0,0,0,0,0,0,0,0,0,0,0,0,0,0,0,2006-07-04
0,0,0,0,0,0,0,0,0,0,0,0,0,0,0,0,2006-03-13
0,0,0,0,0,0,0,0,0,0,0,0,0,0,0,0,2006-03-16
0,0,0,0,0,0,0,0,0,0,0,0,0,0,0,0,2006-09-28
0,0,0,0,0,0,0,0,2,0,0,0,0,0,0,2,2006-05-15
0,0,0,0,0,0,0,0,0,0,0,0,0,0,0,0,2006-04-27
0,0,0,0,0,0,0,0,0,0,0,0,0,0,0,0,2006-05-18
0,0,0,0,0,0,0,0,0,0,0,0,0,0,0,0,2006-10-11
0,0,0,0,0,0,0,0,0,0,0,0,0,0,0,0,2007-12-18
0,0,0,0,0,0,0,0,0,0,0,0,0,0,0,0,2007-01-31
0,0,0,0,0,0,0,0,0,0,0,0,0,0,0,4,2007-02-13
0,0,0,0,0,0,0,0,0,0,0,0,0,0,0,0,2007-06-21
0,0,0,0,0,0,0,0,0,0,0,0,0,0,0,0,2007-09-25
0,0,0,0,0,0,0,0,0,0,0,0,0,0,0,0,2007-09-04
0,0,0,0,0,0,0,0,0,0,0,0,0,0,0,2,2007-10-23
0,0,0,0,0,0,0,0,0,0,0,0,0,0,0,0,2007-11-29
0,0,0,0,0,0,0,0,0,0,0,0,0,0,0,2,2007-06-27
0,0,0,0,0,0,0,0,0,0,0,0,0,0,0,0,2007-03-15
0,0,0,0,0,0,0,0,0,0,0,0,0,0,0,0,2007-07-11
0,0,0,0,0,0,0,0,0,0,0,0,0,0,0,4,2007-12-11
0,0,0,0,0,0,0,0,0,0,0,0,0,0,0,0,2007-11-14
0,0,0,0,0,0,0,0,0,0,0,0,0,0,0,0,2007-03-12
0,0,0,0,0,0,0,0,0,0,0,0,0,0,0,0,2007-02-12
0,0,0,0,0,0,0,0,0,0,0,0,0,0,0,0,2007-04-26
0,0,0,0,0,0,0,0,0,0,0,0,0,0,0,0,2007-02-14
0,0,0,0,0,0,0,0,0,0,0,0,0,0,0,0,2007-05-23
0,0,0,0,0,0,0,0,2,0,0,0,0,0,0,2,2007-05-24
0,0,0,0,0,0,0,0,0,0,0,0,0,0,0,0,2007-05-21
0,0,0,0,0,0,0,0,0,0,0,0,0,0,0,0,2007-11-15
0,0,0,0,0,0,0,0,0,0,0,0,0,0,0,0,2007-09-26
0,0,0,0,0,0,0,0,6,0,0,0,0,0,0,6,2007-11-13
0,0,0,0,0,0,0,0,0,0,0,0,0,0,0,0,2007-03-14
0,0,0,0,0,0,0,0,0,0,0,0,0,0,0,0,2007-07-12
0,0,0,0,0,0,0,0,2,0,0,0,0,0,0,2,2007-02-01
0,0,0,0,0,0,0,0,0,0,0,0,0,0,0,0,2007-10-11
0,0,0,0,0,0,0,0,0,0,0,0,0,0,0,0,2007-01-18
0,0,0,0,0,0,0,0,0,0,0,0,0,0,0,0,2007-09-27
0,0,0,0,0,0,0,0,0,0,0,0,0,0,0,0,2007-06-18
0,0,0,0,0,0,0,0,0,0,0,0,0,0,0,0,2007-06-07
0,0,0,0,0,0,0,0,0,0,0,0,0,0,0,0,2007-07-09
0,0,0,0,0,0,0,0,0,0,0,0,0,0,0,0,2007-10-10
0,0,0,0,0,0,0,0,0,0,0,0,0,0,0,0,2007-09-24
0,0,0,0,0,0,0,0,8,0,0,0,0,0,0,8,2007-11-12
0,0,0,0,0,0,0,0,0,0,0,0,0,0,0,4,2007-12-13
0,0,0,0,0,0,0,0,0,0,0,0,0,0,0,0,2007-04-25
0,0,0,0,0,0,0,0,0,0,0,0,0,0,0,0,2007-09-06
0,0,0,0,0,0,0,0,0,0,0,0,0,0,0,2,2007-12-12
0,0,0,0,0,0,0,0,0,0,0,0,0,0,0,0,2007-05-09
0,0,0,0,0,0,0,0,0,0,0,0,0,0,0,0,2007-05-10
0,0,0,0,0,0,0,0,0,0,0,0,0,0,0,0,2007-06-20
0,0,0,0,0,0,0,0,0,0,0,0,0,0,0,0,2007-11-28
0,0,0,0,0,0,0,0,0,0,0,0,0,0,0,0,2007-09-05
0,0,0,0,0,0,0,0,0,0,0,0,0,0,0,0,2007-05-22
0,0,0,0,0,0,0,0,0,0,0,0,0,0,0,0,2007-09-03
0,0,0,0,0,0,0,0,0,0,0,0,0,0,0,0,2007-01-16
0,0,0,0,0,0,0,0,0,0,0,0,0,0,0,0,2007-01-15
0,0,0,0,0,0,0,0,0,0,0,0,0,0,0,0,2007-04-23
0,0,0,0,0,0,0,0,2,0,0,0,0,0,0,2,2007-03-13
0,0,0,0,0,0,0,0,2,0,0,0,0,0,0,2,2007-03-28
0,0,0,0,0,0,0,0,0,0,0,0,0,0,0,0,2007-06-06
0,0,0,0,0,0,0,0,0,0,0,0,0,0,0,0,2007-10-22
0,0,0,0,0,0,0,0,0,0,0,0,0,0,0,0,2007-07-10
0,0,0,0,0,0,0,0,0,0,0,0,0,0,0,0,2007-10-24
0,0,0,0,0,0,0,0,0,0,0,0,0,0,0,0,2007-04-24
0,0,0,0,0,0,0,0,0,0,0,0,0,0,0,0,2007-10-25
0,0,0,0,0,0,0,0,2,0,0,0,0,0,0,2,2007-06-19
0,0,0,0,0,0,0,0,0,0,0,0,0,0,0,8,2007-12-10
0,0,0,0,0,0,0,0,0,0,0,0,0,0,0,0,2007-01-17
0,0,0,0,0,0,0,0,0,0,0,0,0,0,0,0,2008-03-13
0,0,0,0,0,0,0,0,0,0,0,0,0,0,0,0,2008-03-12
0,0,0,0,0,0,0,0,0,0,0,0,0,0,0,2,2008-01-30
0,0,0,0,0,0,0,0,0,0,0,0,0,0,0,0,2008-09-03
0,0,0,0,0,0,0,0,0,0,0,0,0,0,0,0,2008-05-22
0,0,0,0,0,0,0,0,0,0,0,0,0,0,0,0,2008-06-04
0,0,0,0,0,0,0,0,12,0,0,0,0,0,0,12,2008-07-08
0,0,0,0,0,0,0,0,16,0,0,0,0,0,0,16,2008-12-17
0,0,0,0,0,0,0,0,0,0,0,0,0,0,0,0,2008-03-26
0,0,0,0,0,0,0,0,0,0,0,0,0,0,0,0,2008-12-04
0,0,0,0,0,0,0,0,0,0,0,0,0,0,0,0,2008-09-24
0,0,0,0,0,0,0,0,0,0,0,0,0,0,0,0,2008-05-21
0,0,0,0,0,0,0,0,0,0,0,0,0,0,0,0,2008-07-09
0,0,0,0,0,0,0,0,0,0,0,0,0,0,0,0,2008-12-18
0,0,0,0,0,0,0,0,2,0,0,0,0,0,0,2,2008-07-07
0,0,0,0,0,0,0,0,0,0,0,0,0,0,0,0,2008-09-02
0,0,0,0,0,0,0,0,16,0,0,0,0,0,0,16,2008-12-16
0,0,0,0,0,0,0,0,0,0,0,0,0,0,0,0,2008-10-22
0,0,0,0,0,0,0,0,0,0,0,0,0,0,0,2,2008-09-22
0,0,0,0,0,0,0,0,0,0,0,0,0,0,0,0,2008-06-16
0,0,0,0,0,0,0,0,0,0,0,0,0,0,0,0,2008-06-05
0,0,0,0,0,0,0,0,0,0,0,0,0,0,0,0,2008-05-07
0,0,0,0,0,0,0,0,0,0,0,0,0,0,0,0,2008-04-09
0,0,0,0,0,0,0,0,0,0,0,0,0,0,0,0,2008-06-17
0,0,0,0,0,0,0,0,0,0,0,0,0,0,0,0,2008-07-10
0,0,0,0,0,0,0,0,2,0,0,0,0,0,0,2,2008-04-24
0,0,0,0,0,0,0,0,0,0,0,0,0,0,0,0,2008-01-31
0,0,0,0,0,0,0,0,0,0,0,0,0,0,0,0,2008-01-15
0,0,0,0,0,0,0,0,0,0,0,0,0,0,0,0,2008-06-24
0,0,0,0,0,0,0,0,0,0,0,0,0,0,0,0,2008-10-09
0,0,0,0,0,0,0,0,0,0,0,0,0,0,0,0,2008-06-18
0,0,0,0,0,0,0,0,0,0,0,0,0,0,0,0,2008-06-19
0,0,0,0,0,0,0,0,0,0,0,0,0,0,0,0,2008-11-20
0,0,0,0,0,0,0,0,0,0,0,0,0,0,0,2,2008-01-16
0,0,0,0,0,0,0,0,0,0,0,0,0,0,0,0,2008-05-20
0,0,0,0,0,0,0,0,6,0,0,0,0,0,0,6,2008-02-19
0,0,0,0,0,0,0,0,2,0,0,0,0,0,0,2,2008-01-14
0,0,0,0,0,0,0,0,0,0,0,0,0,0,0,2,2008-02-18
0,0,0,0,0,0,0,0,0,0,0,0,0,0,0,0,2008-01-17
0,0,0,0,0,0,0,0,0,0,0,0,0,0,0,0,2008-11-18
0,0,0,0,0,0,0,0,0,0,0,0,0,0,0,0,2008-09-25
0,0,0,0,0,0,0,0,0,0,0,0,0,0,0,2,2008-10-08
0,0,0,0,0,0,0,0,0,0,0,0,0,0,0,0,2008-11-19
0,0,0,0,0,0,0,0,4,0,0,0,0,0,0,4,2008-04-10
0,0,0,0,0,0,0,0,0,0,0,0,0,0,0,0,2008-02-20
0,0,0,0,0,0,0,0,0,0,0,0,0,0,0,0,2008-05-08
0,0,0,0,0,0,0,0,0,0,0,0,0,0,0,0,2008-02-21
0,0,0,0,0,0,0,0,0,0,0,0,0,0,0,0,2008-10-23
0,0,0,0,0,0,0,0,0,0,0,0,0,0,0,0,2008-09-01
0,0,0,0,0,0,0,0,0,0,0,0,0,0,0,0,2008-01-23
0,0,0,0,0,0,0,0,0,0,0,0,0,0,0,4,2008-05-19
0,0,0,0,0,0,0,0,0,0,0,0,0,0,0,0,2008-03-11
0,0,0,0,0,0,0,0,0,0,0,0,0,0,0,0,2008-04-22
0,0,0,0,0,0,0,0,0,0,0,0,0,0,0,0,2008-04-23
0,0,0,0,0,0,0,0,0,0,0,0,0,0,0,0,2008-10-20
0,0,0,0,0,0,0,0,0,0,0,0,0,0,0,0,2008-10-21
0,0,0,0,0,0,0,0,0,0,0,0,0,0,0,0,2008-03-10
0,0,0,0,0,0,0,0,2,0,0,0,0,0,0,2,2008-11-17
0,0,0,0,0,0,0,0,0,0,0,0,0,0,0,0,2008-09-23
0,0,0,0,0,0,0,0,0,0,0,0,0,0,0,0,2008-09-04
0,0,0,0,0,0,0,0,0,0,0,0,0,0,0,4,2008-12-03
0,0,0,0,0,0,0,0,0,0,0,0,0,0,0,0,2008-04-21
0,0,0,0,0,0,0,0,6,0,0,0,0,0,0,6,2008-12-15
0,0,0,0,0,0,0,0,0,0,0,0,0,0,0,0,2009-10-08
0,0,0,0,0,0,0,0,0,0,0,0,0,0,0,0,2009-11-12
0,0,0,0,0,0,0,0,0,0,0,0,0,0,0,0,2009-11-11
0,0,0,0,0,0,0,0,0,0,0,0,0,0,0,0,2009-11-26
0,0,0,0,0,0,0,0,0,0,0,0,0,0,0,2,2009-12-15
0,0,0,0,0,0,0,0,0,0,0,0,0,0,0,0,2009-12-17
0,0,0,0,0,0,0,0,0,0,0,0,0,0,0,0,2009-10-22
0,0,0,0,0,0,0,0,0,0,0,0,0,0,0,0,2009-04-02
0,0,0,0,0,0,0,0,0,0,0,0,0,0,0,0,2009-10-07
0,0,0,0,0,0,0,0,0,0,0,0,0,0,0,0,2009-09-15
0,0,0,0,0,0,0,0,0,0,0,0,0,0,0,0,2009-03-11
0,0,0,0,0,0,0,0,0,0,0,0,0,0,0,0,2009-03-10
0,0,0,0,0,0,0,0,0,0,0,0,0,0,0,0,2009-10-20
0,0,0,0,0,0,0,0,0,0,0,0,0,0,0,0,2009-07-16
0,0,0,0,0,0,0,0,0,0,0,0,0,0,0,0,2009-02-05
0,0,0,0,0,0,0,0,0,0,0,0,0,0,0,0,2009-02-04
0,0,0,0,0,0,0,0,0,0,0,0,0,0,0,0,2009-02-19
0,0,0,0,0,0,0,0,0,0,0,0,0,0,0,0,2009-05-06
0,0,0,0,0,0,0,0,0,0,0,0,0,0,0,0,2009-07-14
0,0,0,0,0,0,0,0,0,0,0,0,0,0,0,0,2009-01-14
0,0,0,0,0,0,0,0,0,0,0,0,0,0,0,0,2009-01-15
0,0,0,0,0,0,0,0,0,0,0,0,0,0,0,0,2009-05-05
0,0,0,0,0,0,0,0,0,0,0,0,0,0,0,0,2009-12-16
0,0,0,0,0,0,0,0,0,0,0,0,0,0,0,0,2009-02-02
0,0,0,0,0,0,0,0,0,0,0,0,0,0,0,0,2009-02-18
0,0,0,0,0,0,0,0,0,0,0,0,0,0,0,0,2009-04-24
0,0,0,0,0,0,0,0,0,0,0,0,0,0,0,0,2009-03-24
0,0,0,0,0,0,0,0,0,0,0,0,0,0,0,0,2009-09-17
0,0,0,0,0,0,0,0,0,0,0,0,0,0,0,0,2009-01-12
0,0,0,0,0,0,0,0,0,0,0,0,0,0,0,0,2009-04-22
0,0,0,0,0,0,0,0,0,0,0,0,0,0,0,0,2009-09-16
0,0,0,0,0,0,0,0,0,0,0,0,0,0,0,0,2009-03-12
0,0,0,0,0,0,0,0,0,0,0,0,0,0,0,0,2009-11-23
0,0,0,0,0,0,0,0,0,0,0,0,0,0,0,0,2009-03-26
0,0,0,0,0,0,0,0,0,0,0,0,0,0,0,0,2009-02-03
0,0,0,0,0,0,0,0,0,0,0,0,0,0,0,0,2009-12-14
0,0,0,0,0,0,0,0,0,0,0,0,0,0,0,0,2009-03-25
0,0,0,0,0,0,0,0,0,0,0,0,0,0,0,0,2009-11-24
0,0,0,0,0,0,0,0,0,0,0,0,0,0,0,0,2009-05-04
0,0,0,0,0,0,0,0,0,0,0,0,0,0,0,0,2009-10-19
0,0,0,0,0,0,0,0,0,0,0,0,0,0,0,2,2009-03-09
0,0,0,0,0,0,0,0,4,0,0,0,0,0,0,4,2009-09-14
0,0,0,0,0,0,0,0,8,0,0,0,0,0,0,8,2009-04-21
0,0,0,0,0,0,0,0,0,0,0,0,0,0,0,0,2009-07-15
0,0,0,0,0,0,0,0,0,0,0,0,0,0,0,0,2009-03-23
0,0,0,0,0,0,0,0,0,0,0,0,0,0,0,0,2009-04-23
0,0,0,0,0,0,0,0,2,0,0,0,0,0,0,2,2009-04-01
0,0,0,0,0,0,0,0,0,0,0,0,0,0,0,2,2009-11-25
0,0,0,0,0,0,0,0,0,0,0,0,0,0,0,0,2009-01-13
0,0,0,0,0,0,0,0,0,0,0,0,0,0,0,0,2009-10-21
0,0,0,0,0,0,0,0,0,0,0,0,0,0,0,0,2009-05-07
0,0,0,0,0,0,0,0,0,0,0,0,0,0,0,0,2010-05-20
0,0,0,0,0,0,0,0,0,0,0,0,0,0,0,0,2010-10-18
0,0,0,0,0,0,0,0,0,0,0,0,0,0,0,2,2010-10-21
0,0,0,0,0,0,0,0,0,0,0,0,0,0,0,0,2010-07-08
0,0,0,0,0,0,0,0,0,0,0,0,0,0,0,0,2010-06-17
0,0,0,0,0,0,0,0,0,0,0,0,0,0,0,0,2010-12-16
0,0,0,0,0,0,0,0,0,0,0,0,0,0,0,0,2010-10-07
0,0,0,0,0,0,0,0,0,0,0,0,0,0,0,0,2010-09-09
0,0,0,0,0,0,0,0,0,0,0,0,0,0,0,0,2010-09-23
0,0,0,0,0,0,0,0,0,0,0,0,0,0,0,0,2010-12-13
0,0,0,0,0,0,0,0,0,0,0,0,0,0,0,0,2010-11-24
0,0,0,0,0,0,0,0,0,0,0,0,0,0,0,0,2010-05-19
0,0,0,0,0,0,0,0,0,0,0,0,0,0,0,0,2010-11-22
0,0,0,0,0,0,0,0,0,0,0,0,0,0,0,0,2010-09-06
0,0,0,0,0,0,0,0,0,0,0,0,0,0,0,0,2010-01-18
0,0,0,0,0,0,0,0,0,0,0,0,0,0,0,0,2010-02-09
0,0,0,0,0,0,0,0,0,0,0,0,0,0,0,0,2010-03-24
0,0,0,0,0,0,0,0,0,0,0,0,0,0,0,0,2010-12-15
0,0,0,0,0,0,0,0,0,0,0,0,0,0,0,0,2010-07-05
0,0,0,0,0,0,0,0,0,0,0,0,0,0,0,0,2010-05-17
0,0,0,0,0,0,0,0,0,0,0,0,0,0,0,0,2010-11-10
0,0,0,0,0,0,0,0,0,0,0,0,0,0,0,0,2010-04-20
0,0,0,0,0,0,0,0,0,0,0,0,0,0,0,2,2010-06-23
0,0,0,0,0,0,0,0,0,0,0,0,0,0,0,0,2010-04-19
0,0,0,0,0,0,0,0,0,0,0,0,0,0,0,0,2010-10-06
0,0,0,0,0,0,0,0,0,0,0,0,0,0,0,0,2010-02-24
0,0,0,0,0,0,0,0,0,0,0,0,0,0,0,0,2010-11-25
0,0,0,0,0,0,0,0,0,0,0,0,0,0,0,0,2010-03-11
0,0,0,0,0,0,0,0,0,0,0,0,0,0,0,0,2010-11-11
0,0,0,0,0,0,0,0,0,0,0,0,0,0,0,0,2010-05-06
0,0,0,0,0,0,0,0,0,0,0,0,0,0,0,0,2010-04-07
0,0,0,0,0,0,0,0,0,0,0,0,0,0,0,0,2010-01-21
0,0,0,0,0,0,0,0,0,0,0,0,0,0,0,0,2010-10-20
0,0,0,0,0,0,0,0,0,0,0,0,0,0,0,0,2010-03-09
0,0,0,0,0,0,0,0,0,0,0,0,0,0,0,0,2010-02-10
0,0,0,0,0,0,0,0,0,0,0,0,0,0,0,0,2010-03-25
0,0,0,0,0,0,0,0,0,0,0,0,0,0,0,0,2010-10-19
0,0,0,0,0,0,0,0,6,0,0,0,0,0,0,6,2010-09-21
0,0,0,0,0,0,0,0,0,0,0,0,0,0,0,0,2010-09-22
0,0,0,0,0,0,0,0,0,0,0,0,0,0,0,0,2010-07-07
0,0,0,0,0,0,0,0,0,0,0,0,0,0,0,0,2010-06-16
0,0,0,0,0,0,0,0,0,0,0,0,0,0,0,0,2010-07-06
0,0,0,0,0,0,0,0,2,0,0,0,0,0,0,2,2010-03-10
0,0,0,0,0,0,0,0,0,0,0,0,0,0,0,0,2010-02-25
0,0,0,0,0,0,0,0,2,0,0,0,0,0,0,2,2010-09-20
0,0,0,0,0,0,0,0,2,0,0,0,0,0,0,2,2010-05-18
0,0,0,0,0,0,0,0,0,0,0,0,0,0,0,0,2010-01-19
0,0,0,0,0,0,0,0,0,0,0,0,0,0,0,0,2010-03-08
0,0,0,0,0,0,0,0,0,0,0,0,0,0,0,0,2010-05-05
0,0,0,0,0,0,0,0,0,0,0,0,0,0,0,0,2010-09-07
0,0,0,0,0,0,0,0,0,0,0,0,0,0,0,0,2010-02-11
0,0,0,0,0,0,0,0,0,0,0,0,0,0,0,0,2010-06-15
0,0,0,0,0,0,0,0,0,0,0,0,0,0,0,0,2010-11-23
0,0,0,0,0,0,0,0,4,0,0,0,0,0,0,4,2010-09-08
0,0,0,0,0,0,0,0,0,0,0,0,0,0,0,0,2010-02-08
0,0,0,0,0,0,0,0,0,0,0,0,0,0,0,0,2010-06-14
0,0,0,0,0,0,0,0,0,0,0,0,0,0,0,0,2010-04-21
0,0,0,0,0,0,0,0,0,0,0,0,0,0,0,0,2010-01-20
0,0,0,0,0,0,0,0,0,0,0,0,0,0,0,0,2010-12-14
0,0,0,0,0,0,0,0,4,0,0,0,0,0,0,4,2011-06-22
0,0,0,0,0,0,0,0,4,0,0,0,0,0,0,4,2011-10-26
0,0,0,0,0,0,0,0,0,0,0,0,0,0,0,0,2011-07-06
0,0,0,0,0,0,0,0,0,0,0,0,0,0,0,0,2011-09-29
0,0,0,0,0,0,0,0,0,0,0,0,0,0,0,0,2011-06-09
0,0,0,0,0,0,0,0,0,0,0,0,0,0,0,0,2011-09-26
0,0,0,0,0,0,0,0,0,0,0,0,0,0,0,0,2011-01-18
0,0,0,0,0,0,0,0,0,0,0,0,0,0,0,0,2011-09-13
0,0,0,0,0,0,0,0,0,0,0,0,0,0,0,0,2011-09-15
0,0,0,0,0,0,0,0,0,0,0,0,0,0,0,4,2011-09-12
0,0,0,0,0,0,0,0,0,0,0,0,0,0,0,0,2011-03-24
0,0,0,0,0,0,0,0,0,0,0,0,0,0,0,2,2011-12-12
0,0,0,0,0,0,0,0,0,0,0,0,0,0,0,0,2011-03-09
0,0,0,0,0,0,0,0,0,0,0,0,0,0,0,0,2011-01-19
0,0,0,0,0,0,0,0,0,0,0,0,0,0,0,0,2011-09-28
0,0,0,0,0,0,0,0,0,0,0,0,0,0,0,0,2011-04-07
0,0,0,0,0,0,0,0,0,0,0,0,0,0,0,0,2011-06-23
0,0,0,0,0,0,0,0,0,0,0,0,0,0,0,0,2011-12-13
0,0,0,0,0,0,0,0,0,0,0,0,0,0,0,0,2011-11-16
0,0,0,0,0,0,0,0,0,0,0,0,0,0,0,0,2011-02-17
0,0,0,0,0,0,0,0,0,0,0,0,0,0,0,0,2011-03-10
0,0,0,0,0,0,0,0,4,0,0,0,0,0,0,4,2011-01-20
0,0,0,0,0,0,0,0,0,0,0,0,0,0,0,0,2011-10-24
0,0,0,0,0,0,0,0,0,0,0,0,0,0,0,0,2011-09-27
0,0,0,0,0,0,0,0,0,0,0,0,0,0,0,0,2011-12-14
0,0,0,0,0,0,0,0,0,0,0,0,0,0,0,0,2011-12-15
0,0,0,0,0,0,0,0,2,0,0,0,0,0,0,2,2011-11-30
0,0,0,0,0,0,0,0,0,0,0,0,0,0,0,0,2011-06-08
0,0,0,0,0,0,0,0,0,0,0,0,0,0,0,0,2011-10-12
0,0,0,0,0,0,0,0,0,0,0,0,0,0,0,0,2011-10-27
0,0,0,0,0,0,0,0,0,0,0,0,0,0,0,0,2011-07-07
0,0,0,0,0,0,0,0,0,0,0,0,0,0,0,0,2011-05-12
0,0,0,0,0,0,0,0,0,0,0,0,0,0,0,0,2011-02-02
0,0,0,0,0,0,0,0,0,0,0,0,0,0,0,0,2011-11-17
0,0,0,0,0,0,0,0,0,0,0,0,0,0,0,0,2011-10-13
0,0,0,0,0,0,0,0,0,0,0,0,0,0,0,0,2011-03-23
0,0,0,0,0,0,0,0,2,0,0,0,0,0,0,2,2011-05-11
0,0,0,0,0,0,0,0,0,0,0,0,0,0,0,0,2011-03-07
0,0,0,0,0,0,0,0,0,0,0,0,0,0,0,0,2011-10-25
0,0,0,0,0,0,0,0,0,0,0,0,0,0,0,0,2011-12-01
0,0,0,0,0,0,0,0,0,0,0,0,0,0,0,2,2011-07-04
0,0,0,0,0,0,0,0,0,0,0,0,0,0,0,0,2011-02-14
0,0,0,0,0,0,0,0,0,0,0,0,0,0,0,0,2011-04-06
0,0,0,0,0,0,0,0,0,0,0,0,0,0,0,0,2011-05-09
0,0,0,0,0,0,0,0,0,0,0,0,0,0,0,2,2011-02-16
0,0,0,0,0,0,0,0,0,0,0,0,0,0,0,0,2011-04-05
0,0,0,0,0,0,0,0,0,0,0,0,0,0,0,0,2011-11-15
0,0,0,0,0,0,0,0,0,0,0,0,0,0,0,0,2011-02-03
0,0,0,0,0,0,0,0,0,0,0,0,0,0,0,0,2011-02-15
0,0,0,0,0,0,0,0,0,0,0,0,0,0,0,0,2011-06-07
0,0,0,0,0,0,0,0,2,0,0,0,0,0,0,2,2011-07-05
0,0,0,0,0,0,0,0,0,0,0,0,0,0,0,0,2011-03-08
0,0,0,0,0,0,0,0,0,0,0,0,0,0,0,0,2011-05-10
0,0,0,0,0,0,0,0,2,0,0,0,0,0,0,2,2011-09-14
0,0,0,0,0,0,0,0,0,0,0,0,0,0,0,0,2011-11-14
0,0,0,0,0,0,0,0,0,0,0,0,0,0,0,2,2011-01-17
0,0,0,0,0,0,0,0,0,0,0,0,0,0,0,0,2011-06-06
0,0,0,0,0,0,0,0,0,0,0,0,0,0,0,0,2011-04-04
0,0,0,0,0,0,0,0,0,0,0,0,0,0,0,0,2012-06-11
0,0,0,0,0,0,0,0,0,0,0,0,0,0,0,0,2012-09-12
0,0,0,0,0,0,0,0,0,0,0,0,0,0,0,0,2012-04-18
0,0,0,0,0,0,0,0,0,0,0,0,0,0,0,0,2012-06-14
0,0,0,0,0,0,0,0,0,0,0,0,0,0,0,0,2012-11-21
0,0,0,0,0,0,0,0,0,0,0,0,0,0,0,0,2012-03-28
0,0,0,0,0,0,0,0,0,0,0,0,0,0,0,0,2012-04-17
0,0,0,0,0,0,0,0,0,0,0,0,0,0,0,0,2012-01-18
0,0,0,0,0,0,0,0,0,0,0,0,0,0,0,2,2012-07-02
0,0,0,0,0,0,0,0,0,0,0,0,0,0,0,4,2012-07-05
0,0,0,0,0,0,0,0,0,0,0,0,0,0,0,0,2012-10-26
0,0,0,0,0,0,0,0,0,0,0,0,0,0,0,2,2012-05-21
0,0,0,0,0,0,0,0,0,0,0,0,0,0,0,0,2012-06-12
0,0,0,0,0,0,0,0,2,0,0,0,0,0,0,8,2012-09-10
0,0,0,0,0,0,0,0,0,0,0,0,0,0,0,0,2012-05-23
0,0,0,0,0,0,0,0,0,0,0,0,0,0,0,0,2012-02-16
0,0,0,0,0,0,0,0,0,0,0,0,0,0,0,0,2012-10-23
0,0,0,0,0,0,0,0,0,0,0,0,0,0,0,0,2012-11-22
0,0,0,0,0,0,0,0,2,0,0,0,0,0,0,4,2012-12-13
0,0,0,0,0,0,0,0,0,0,0,0,0,0,0,0,2012-02-02
0,0,0,0,0,0,0,0,0,0,0,0,0,0,0,2,2012-10-25
0,0,0,0,0,0,0,0,0,0,0,0,0,0,0,0,2012-11-20
0,0,0,0,0,0,0,0,0,0,0,0,0,0,0,0,2012-04-20
0,0,0,0,0,0,0,0,0,0,0,0,0,0,0,0,2012-12-12
0,0,0,0,0,0,0,0,0,0,0,0,0,0,0,0,2012-05-22
0,0,0,0,0,0,0,0,0,0,0,0,0,0,0,0,2012-05-10
0,0,0,0,0,0,0,0,2,0,0,0,0,0,0,2,2012-01-19
0,0,0,0,0,0,0,0,0,0,0,0,0,0,0,4,2012-10-22
0,0,0,0,0,0,0,0,0,0,0,0,0,0,0,2,2012-02-01
0,0,0,0,0,0,0,0,2,0,0,0,0,0,0,2,2012-03-15
0,0,0,0,0,0,0,0,0,0,0,0,0,0,0,0,2012-03-13
0,0,0,0,0,0,0,0,0,0,0,0,0,0,0,2,2012-03-12
0,0,0,0,0,0,0,0,0,0,0,0,0,0,0,0,2012-02-15
0,0,0,0,0,0,0,0,0,0,0,0,0,0,0,0,2012-03-29
0,0,0,0,0,0,0,0,0,0,0,0,0,0,0,0,2012-09-13
0,0,0,0,0,0,0,0,0,0,0,0,0,0,0,0,2012-05-09
0,0,0,0,0,0,0,0,4,0,0,0,0,0,0,4,2012-12-10
0,0,0,0,0,0,0,0,0,0,0,0,0,0,0,0,2012-01-17
0,0,0,0,0,0,0,0,0,0,0,0,0,0,0,0,2012-04-19
0,0,0,0,0,0,0,0,2,0,0,0,0,0,0,2,2012-09-11
0,0,0,0,0,0,0,0,0,0,0,0,0,0,0,2,2012-02-13
0,0,0,0,0,0,0,0,0,0,0,0,0,0,0,0,2012-01-16
0,0,0,0,0,0,0,0,4,0,0,0,0,0,0,4,2012-03-14
0,0,0,0,0,0,0,0,0,0,0,0,0,0,0,2,2012-05-24
0,0,0,0,0,0,0,0,0,0,0,0,0,0,0,0,2012-06-13
0,0,0,0,0,0,0,0,0,0,0,0,0,0,0,0,2012-02-14
0,0,0,0,0,0,0,0,0,0,0,0,0,0,0,0,2012-07-04
0,0,0,0,0,0,0,0,2,0,0,0,0,0,0,8,2012-11-19
0,0,0,0,0,0,0,0,0,0,0,0,0,0,0,2,2012-07-03
0,0,0,0,0,0,0,0,0,0,0,0,0,0,0,0,2013-10-10
0,0,0,0,0,0,0,0,8,0,0,0,0,0,0,8,2013-12-10
0,0,0,0,4,0,0,0,0,0,0,0,0,0,0,26,2013-05-23
0,0,0,0,0,0,0,0,0,0,0,0,0,0,0,0,2013-07-02
0,0,0,0,0,0,0,0,2,0,0,0,0,0,0,2,2013-10-24
0,0,0,0,0,0,0,0,0,0,0,0,0,0,0,0,2013-10-21
0,0,0,0,0,0,0,0,0,0,0,0,0,0,0,0,2013-02-07
0,0,0,0,0,0,0,0,0,0,0,0,0,0,0,0,2013-02-06
0,0,0,0,0,0,0,0,0,0,0,0,0,0,0,0,2013-03-14
0,0,0,0,0,0,0,0,0,0,0,0,0,0,0,0,2013-04-17
0,0,0,0,0,0,0,0,2,0,0,0,0,0,0,12,2013-09-09
0,0,0,0,0,0,0,0,0,0,0,0,0,0,0,6,2013-12-09
0,0,0,0,0,0,0,0,16,0,0,0,0,0,0,20,2013-04-15
0,0,0,0,0,0,0,0,0,0,0,0,0,0,0,2,2013-11-18
0,0,0,0,0,0,0,0,0,0,0,0,0,0,0,14,2013-01-16
0,0,0,0,0,0,0,0,6,0,0,0,0,0,0,6,2013-07-03
0,0,0,0,0,0,0,0,12,0,0,0,0,0,0,12,2013-04-16
0,0,0,0,0,0,0,0,0,0,0,0,0,0,0,0,2013-05-22
0,0,0,0,0,0,0,0,0,0,0,0,0,0,0,0,2013-06-11
0,0,0,0,0,0,0,0,0,0,0,0,0,0,0,0,2013-10-07
0,0,0,0,0,0,0,0,0,0,0,0,0,0,0,6,2013-07-04
0,0,0,0,4,0,0,0,0,0,0,0,0,0,0,8,2013-03-13
0,0,0,0,0,0,0,0,0,0,0,0,0,0,0,0,2013-09-10
0,0,0,0,0,0,0,0,0,0,0,0,0,0,0,4,2013-02-04
0,0,0,0,0,0,0,0,0,0,0,0,0,0,0,0,2013-05-21
0,0,0,0,0,0,0,0,6,0,0,0,0,0,0,8,2013-05-20
0,0,0,0,0,0,0,0,0,0,0,0,0,0,0,4,2013-06-10
0,0,0,0,0,0,0,0,0,0,0,0,0,0,0,0,2013-11-19
0,0,0,0,0,0,0,0,14,0,0,0,0,0,0,14,2013-03-12
0,0,0,0,0,0,0,0,2,0,0,0,0,0,0,14,2013-11-20
0,0,0,0,0,0,0,0,0,0,0,0,0,0,0,2,2013-10-22
0,0,0,0,0,0,0,0,0,0,0,0,0,0,0,8,2013-12-11
0,0,0,0,4,0,0,0,0,0,0,0,0,0,0,42,2013-10-23
0,0,0,0,0,0,0,0,0,0,0,0,0,0,0,0,2013-01-17
0,0,0,0,0,0,0,0,0,0,0,0,0,0,0,6,2013-10-09
0,0,0,0,0,0,0,0,0,0,0,0,0,0,0,4,2013-12-12
0,0,0,0,0,0,0,0,0,0,0,0,0,0,0,2,2013-06-12
0,0,0,0,0,0,0,0,2,0,0,0,0,0,0,4,2013-06-13
0,0,0,0,0,0,0,0,0,0,0,0,0,0,0,2,2013-10-08
0,0,0,0,0,0,0,0,0,0,0,0,0,0,0,2,2013-11-21
0,0,0,0,0,0,0,0,0,0,0,0,0,0,0,2,2013-09-12
0,0,0,0,0,0,0,0,0,0,0,0,0,0,0,0,2013-01-15
0,0,0,0,0,0,0,0,0,0,0,0,0,0,0,4,2013-01-14
0,0,0,0,0,0,0,0,0,0,0,0,0,0,0,0,2013-07-01
0,0,0,0,0,0,0,0,0,0,0,0,0,0,0,4,2013-04-18
0,0,0,0,0,0,0,0,12,0,0,0,0,0,0,12,2013-03-11
0,0,0,0,0,0,0,0,4,0,0,0,0,0,0,16,2013-09-11
0,0,0,0,0,0,0,0,0,0,0,0,0,0,0,0,2014-10-23
0,0,0,0,0,0,0,0,0,0,0,0,0,0,0,0,2014-11-24
0,0,0,0,0,0,0,0,0,0,0,0,0,0,0,6,2014-11-12
0,0,0,0,0,0,0,0,0,0,0,0,0,0,0,0,2014-09-18
0,0,0,0,0,0,0,0,6,0,0,0,0,0,0,6,2014-03-11
0,0,0,0,0,0,0,0,0,0,0,0,0,0,0,0,2014-12-16
0,0,0,0,0,0,0,0,0,0,0,0,0,0,0,0,2014-07-15
0,0,0,0,2,0,0,0,0,0,0,0,0,0,0,10,2014-02-05
0,0,0,0,0,0,0,0,2,0,0,0,0,0,0,4,2014-01-13
0,0,0,0,0,0,0,0,0,0,0,0,0,0,0,2,2014-02-24
0,0,0,0,0,0,0,0,0,0,0,0,0,0,0,2,2014-07-17
0,0,0,0,0,0,0,0,0,0,0,0,0,0,0,6,2014-11-26
0,0,0,0,0,0,0,0,2,0,0,0,0,0,0,2,2014-11-27
0,0,0,0,0,0,0,0,0,0,0,0,0,0,0,10,2014-11-13
0,0,0,0,0,0,0,0,0,0,0,0,0,0,0,0,2014-01-16
0,0,0,0,0,0,0,0,0,0,0,0,0,0,0,2,2014-07-14
0,0,0,0,0,0,0,0,0,0,0,0,0,0,0,2,2014-09-15
0,0,0,0,0,0,0,0,6,0,0,0,0,0,0,42,2014-03-12
0,0,0,0,0,0,0,0,0,0,0,0,0,0,0,2,2014-12-18
0,0,0,0,0,0,0,0,2,0,0,0,0,0,0,18,2014-01-15
0,0,0,0,0,0,0,0,0,0,0,0,0,0,0,0,2014-07-02
0,0,0,0,0,0,0,0,0,0,0,0,0,0,0,2,2014-10-20
0,0,0,0,0,0,0,0,0,0,0,0,0,0,0,0,2014-11-25
0,0,0,0,0,0,0,0,0,0,0,0,0,0,0,0,2014-02-03
0,0,0,0,0,0,0,0,0,0,0,0,0,0,0,0,2014-09-16
0,0,0,0,0,0,0,0,0,0,0,0,0,0,0,0,2014-10-21
0,0,0,0,0,0,0,0,0,0,0,0,0,0,0,18,2014-02-26
0,0,0,0,0,0,0,0,2,0,0,0,0,0,0,4,2014-02-04
0,0,0,0,0,0,0,0,0,0,0,0,0,0,0,0,2014-02-25
0,0,0,0,0,0,0,0,0,0,0,0,0,0,0,62,2014-09-17
0,0,0,0,0,0,0,0,0,0,0,0,0,0,0,0,2014-04-17
0,0,0,0,0,0,0,0,0,0,0,0,0,0,0,0,2014-07-16
0,0,0,0,0,0,0,0,0,0,0,0,0,0,0,22,2014-12-17
0,0,0,0,0,0,0,0,0,0,0,0,0,0,0,0,2014-03-10
0,0,0,0,0,0,0,0,0,0,0,0,0,0,0,2,2014-12-15
0,0,0,0,0,0,0,0,0,0,0,0,0,0,0,0,2014-02-27
0,0,0,0,0,0,0,0,2,0,0,0,0,0,0,46,2014-04-03
0,0,0,0,0,0,0,0,0,0,0,0,0,0,0,0,2014-07-03
0,0,0,0,0,0,0,0,0,0,0,0,0,0,0,0,2014-04-15
0,0,0,0,0,0,0,0,6,0,0,0,0,0,0,6,2014-02-06
0,0,0,0,0,0,0,0,4,0,0,0,0,0,0,4,2014-04-14
0,0,0,0,0,0,0,0,0,0,0,0,0,0,0,20,2014-03-13
0,0,0,0,0,0,0,0,0,0,0,0,0,0,0,0,2014-04-16
0,0,0,0,0,0,0,0,0,0,0,0,0,0,0,0,2014-07-01
0,0,0,0,0,0,0,0,0,0,0,0,0,0,0,0,2014-01-14
0,0,0,0,0,0,0,0,4,0,0,0,0,0,0,4,2014-04-02
0,0,0,0,0,0,0,0,0,0,0,0,0,0,0,52,2014-10-22
0,0,0,0,0,0,0,0,0,0,0,0,0,0,0,0,2015-05-27
0,0,0,0,0,0,0,0,0,0,0,0,0,0,0,6,2015-06-10
0,0,0,0,0,0,0,0,0,0,0,0,0,0,0,0,2015-10-29
0,0,0,0,0,0,0,0,0,0,0,0,0,0,0,0,2015-05-21
0,0,0,0,0,0,0,0,0,0,0,0,0,0,0,8,2015-11-11
0,0,0,0,0,0,0,0,0,0,0,0,0,0,0,0,2015-05-19
0,0,0,0,0,0,0,0,0,0,0,0,0,0,0,10,2015-05-20
0,0,0,0,0,0,0,0,0,0,0,0,0,0,0,0,2015-10-08
0,0,0,0,0,0,0,0,0,0,0,0,0,0,0,2,2015-06-11
0,0,0,0,0,0,0,0,0,0,0,0,0,0,0,0,2015-04-30
0,0,0,0,0,0,0,0,0,0,0,0,0,0,0,6,2015-09-09
0,0,0,0,0,0,0,0,0,0,0,0,0,0,0,0,2015-12-14
0,0,0,0,0,0,0,0,0,0,0,0,0,0,0,0,2015-03-12
0,0,0,0,0,0,0,0,0,0,0,0,0,0,0,2,2015-02-09
0,0,0,0,0,0,0,0,0,0,0,0,0,0,0,0,2015-05-18
0,0,0,0,0,0,0,0,0,0,0,0,0,0,0,0,2015-02-10
0,0,0,0,0,0,0,0,0,0,0,0,0,0,0,0,2015-10-26
0,0,0,0,0,0,0,0,0,0,0,0,0,0,0,4,2015-01-28
0,0,0,0,0,0,0,0,0,0,0,0,0,0,0,0,2015-09-17
0,0,0,0,0,0,0,0,0,0,0,0,0,0,0,0,2015-02-12
0,0,0,0,0,0,0,0,0,0,0,0,0,0,0,14,2015-07-06
0,0,0,0,0,0,0,0,0,0,0,0,0,0,0,14,2015-01-14
0,0,0,0,0,0,0,0,6,0,0,0,0,0,0,8,2015-07-08
0,0,0,0,0,0,0,0,0,0,0,0,0,0,0,6,2015-12-16
0,0,0,0,0,0,0,0,0,0,0,0,0,0,0,22,2015-10-07
0,0,0,0,0,0,0,0,6,0,0,0,0,0,0,6,2015-07-07
0,0,0,0,0,0,0,0,0,0,0,0,0,0,0,0,2015-01-13
0,0,0,0,0,0,0,0,0,0,0,0,0,0,0,16,2015-10-28
0,0,0,0,0,0,0,0,0,0,0,0,0,0,0,0,2015-07-09
0,0,0,0,0,0,0,0,0,0,0,0,0,0,0,16,2015-04-15
0,0,0,0,0,0,0,0,0,0,0,0,0,0,0,16,2015-06-24
0,0,0,0,0,0,0,0,2,0,0,0,0,0,0,6,2015-03-25
0,0,0,0,0,0,0,0,0,0,0,0,0,0,0,0,2015-06-08
0,0,0,0,0,0,0,0,0,0,0,0,0,0,0,0,2015-01-15
0,0,0,0,0,0,0,0,0,0,0,0,0,0,0,6,2015-02-25
0,0,0,0,0,0,0,0,0,0,0,0,0,0,0,6,2015-03-11
0,0,0,0,0,0,0,0,0,0,0,0,0,0,0,36,2015-09-07
0,0,0,0,0,0,0,0,2,0,0,0,0,0,0,2,2015-10-05
0,0,0,0,0,0,0,0,0,0,0,0,0,0,0,0,2015-06-09
0,0,0,0,0,0,0,0,0,0,0,0,0,0,0,0,2015-09-08
0,0,0,0,0,0,0,0,0,0,0,0,0,0,0,0,2015-09-16
0,0,0,0,0,0,0,0,0,0,0,0,0,0,0,2,2015-03-10
0,0,0,0,0,0,0,0,0,0,0,0,0,0,0,0,2015-12-15
0,0,0,0,2,0,0,0,0,0,0,0,0,0,0,16,2015-04-29
0,0,0,0,0,0,0,0,0,0,0,0,0,0,0,8,2015-11-25
0,0,0,0,0,0,0,0,0,0,0,0,0,0,0,0,2015-11-24
0,0,0,0,0,0,0,0,0,0,0,0,0,0,0,0,2015-01-12
0,0,0,0,0,0,0,0,0,0,0,0,0,0,0,0,2015-09-10
0,0,0,0,0,0,0,0,0,0,0,0,0,0,0,10,2015-02-11
0,0,0,0,0,0,0,0,0,0,0,0,0,0,0,2,2015-03-09
0,0,0,0,0,0,0,0,0,0,0,0,0,0,0,0,2015-04-28
0,0,0,0,0,0,0,0,0,0,0,0,0,0,0,0,2015-10-06
0,0,0,0,0,0,0,0,0,0,0,0,0,0,0,14,2015-10-14
0,0,0,0,0,0,0,0,0,0,0,0,0,0,0,0,2015-04-27
0,0,0,0,0,0,0,0,0,0,0,0,0,0,0,0,2015-10-27
0,0,0,0,0,0,0,0,0,0,0,0,0,0,0,0,2015-12-17
0,0,0,0,0,0,0,0,0,0,0,0,0,0,0,0,2015-11-23
0,0,0,0,0,0,0,0,0,0,0,0,0,0,0,0,2015-11-26
0,0,0,0,0,0,0,0,0,0,0,0,0,0,0,20,2015-12-02
0,0,0,0,0,0,0,0,0,0,0,0,0,0,0,0,2016-06-28
0,0,0,0,0,0,0,0,0,0,0,0,0,0,0,2,2016-05-26
0,0,0,0,0,0,0,0,0,0,0,0,0,0,0,0,2016-07-04
0,0,0,0,0,0,0,0,0,0,0,0,0,0,0,2,2016-12-12
0,0,0,0,0,0,0,0,0,0,0,0,0,0,0,0,2016-01-19
0,0,0,0,0,0,0,0,0,0,0,0,0,0,0,0,2016-03-08
0,0,0,0,0,0,0,0,0,0,0,0,0,0,0,0,2016-01-21
0,0,0,0,0,0,0,0,0,0,0,0,0,0,0,0,2016-02-02
0,0,0,0,0,0,0,0,0,0,0,0,0,0,0,10,2016-03-09
0,0,0,0,0,0,0,0,0,0,0,0,0,0,0,0,2016-01-18
0,0,0,0,0,0,0,0,0,0,0,0,0,0,0,18,2016-12-14
0,0,0,0,0,0,0,0,0,0,0,0,0,0,0,0,2016-10-25
0,0,0,0,0,0,0,0,0,0,0,0,0,0,0,0,2016-11-24
0,0,0,0,0,0,0,0,0,0,0,0,0,0,0,22,2016-05-25
0,0,0,0,0,0,0,0,0,0,0,0,0,0,0,0,2016-09-13
0,0,0,0,0,0,0,0,0,0,0,0,0,0,0,4,2016-07-07
0,0,0,0,0,0,0,0,0,0,0,0,0,0,0,0,2016-04-12
0,0,0,0,0,0,0,0,0,0,0,0,0,0,0,0,2016-10-04
0,0,0,0,0,0,0,0,0,0,0,0,0,0,0,0,2016-12-13
0,0,0,0,0,0,0,0,0,0,0,0,0,0,0,8,2016-12-01
0,0,0,0,0,0,0,0,0,0,0,0,0,0,0,0,2016-04-28
0,0,0,0,0,0,0,0,0,0,0,0,0,0,0,0,2016-02-25
0,0,0,0,0,0,0,0,0,0,0,0,0,0,0,2,2016-10-06
0,0,0,0,0,0,0,0,0,0,0,0,0,0,0,0,2016-12-15
0,0,0,0,0,0,0,0,0,0,0,0,0,0,0,22,2016-06-08
0,0,0,0,0,0,0,0,0,0,0,0,0,0,0,0,2016-10-27
0,0,0,0,0,0,0,0,0,0,0,0,0,0,0,16,2016-01-20
0,0,0,0,0,0,0,0,0,0,0,0,0,0,0,30,2016-11-23
0,0,0,0,0,0,0,0,0,0,0,0,0,0,0,84,2016-09-14
0,0,0,0,0,0,0,0,0,0,0,0,0,0,0,0,2016-04-11
0,0,0,0,0,0,0,0,0,0,0,0,0,0,0,0,2016-03-07
0,0,0,0,0,0,0,0,0,0,0,0,0,0,0,0,2016-05-10
0,0,0,0,0,0,0,0,0,0,0,0,0,0,0,0,2016-07-05
0,0,0,0,0,0,0,0,0,0,0,0,0,0,0,2,2016-06-23
0,0,0,0,2,0,0,0,0,0,0,0,0,0,0,14,2016-04-27
0,0,0,0,0,0,0,0,0,0,0,0,0,0,0,0,2016-11-22
0,0,0,0,0,0,0,0,0,0,0,0,0,0,0,2,2016-09-15
0,0,0,0,2,0,0,0,0,0,0,0,0,0,0,6,2016-02-03
0,0,0,0,0,0,0,0,0,0,0,0,0,0,0,4,2016-03-10
0,0,0,0,0,0,0,0,0,0,0,0,0,0,0,18,2016-10-05
0,0,0,0,0,0,0,0,0,0,0,0,0,0,0,0,2016-04-14
0,0,0,0,0,0,0,0,0,0,0,0,0,0,0,0,2016-02-04
0,0,0,0,0,0,0,0,0,0,0,0,0,0,0,0,2016-05-12
0,0,0,0,0,0,0,0,0,0,0,0,0,0,0,0,2016-05-09
0,0,0,0,0,0,0,0,0,0,0,0,0,0,0,0,2016-06-09
0,0,0,0,0,0,0,0,0,0,0,0,0,0,0,0,2016-06-07
0,0,0,0,0,0,0,0,0,0,0,0,0,0,0,2,2016-11-21
0,0,0,0,0,0,0,0,0,0,0,0,0,0,0,34,2016-07-06
0,0,0,0,0,0,0,0,0,0,0,0,0,0,0,4,2016-10-24
0,0,0,0,0,0,0,0,0,0,0,0,0,0,0,2,2016-11-30
0,0,0,0,0,0,0,0,0,0,0,0,0,0,0,2,2016-10-03
0,0,0,0,0,0,0,0,8,0,0,0,0,0,0,8,2016-09-12
0,0,0,0,0,0,0,0,0,0,0,0,0,0,0,12,2016-02-24
0,0,0,0,0,0,0,0,0,0,0,0,0,0,0,12,2016-05-11
0,0,0,0,0,0,0,0,0,0,0,0,0,0,0,0,2016-02-01
0,0,0,0,0,0,0,0,0,0,0,0,0,0,0,20,2016-10-26
0,0,0,0,0,0,0,0,0,0,0,0,0,0,0,0,2016-06-06
0,0,0,0,0,0,0,0,0,0,0,0,0,0,0,34,2016-04-13
0,0,0,0,0,0,0,0,0,0,0,0,0,0,0,28,2016-06-22
0,0,0,0,0,0,0,0,0,0,0,0,0,0,0,0,2017-11-14
0,0,0,0,0,0,0,0,0,0,0,0,0,0,0,0,2017-04-04
0,0,0,0,0,0,0,0,0,0,0,0,0,0,0,0,2017-12-14
0,0,0,0,0,0,0,0,0,0,0,0,0,0,0,0,2017-09-14
0,0,0,0,0,0,0,0,0,0,0,0,0,0,0,2,2017-05-17
0,0,0,0,0,0,0,0,0,0,0,0,0,0,0,32,2017-10-26
0,0,0,0,0,0,0,0,0,0,0,0,0,0,0,2,2017-07-06
0,0,0,0,0,0,0,0,0,0,0,0,0,0,0,2,2017-04-03
0,0,0,0,0,0,0,0,0,0,0,0,0,0,0,2,2017-02-13
0,0,0,0,0,0,0,0,0,0,0,0,0,0,0,0,2017-09-12
0,0,0,0,0,0,0,0,0,0,0,0,0,0,0,0,2017-10-24
0,0,0,0,0,0,0,0,2,0,0,0,0,0,0,38,2017-11-29
0,0,0,0,0,0,0,0,0,0,0,0,0,0,0,0,2017-10-03
0,0,0,0,0,0,0,0,0,0,0,0,0,0,0,0,2017-02-14
0,0,0,0,0,0,0,0,0,0,0,0,0,0,0,10,2017-11-15
0,0,0,0,0,0,0,0,0,0,0,0,0,0,0,0,2017-05-16
0,0,0,0,0,0,0,0,8,0,0,0,0,0,0,10,2017-06-13
0,0,0,0,0,0,0,0,0,0,0,0,0,0,0,0,2017-10-25
0,0,0,0,0,0,0,0,0,0,0,0,0,0,0,16,2017-04-26
0,0,0,0,0,0,0,0,2,0,0,0,0,0,0,2,2017-12-11
0,0,0,0,0,0,0,0,0,0,0,0,0,0,0,2,2017-10-23
0,0,0,0,0,0,0,0,0,0,0,0,0,0,0,16,2017-12-13
0,0,0,0,0,0,0,0,8,0,0,0,0,0,0,26,2017-06-14
0,0,0,0,0,0,0,0,0,0,0,0,0,0,0,2,2017-01-16
0,0,0,0,0,0,0,0,0,0,0,0,0,0,0,10,2017-02-15
0,0,0,0,0,0,0,0,0,0,0,0,0,0,0,0,2017-05-15
0,0,0,0,0,0,0,0,12,0,0,0,0,0,0,12,2017-09-11
0,0,0,0,0,0,0,0,0,0,0,0,0,0,0,0,2017-06-15
0,0,0,0,0,0,0,0,0,0,0,0,0,0,0,0,2017-01-19
0,0,0,0,0,0,0,0,0,0,0,0,0,0,0,0,2017-04-06
0,0,0,0,0,0,0,0,0,0,0,0,0,0,0,8,2017-05-31
0,0,0,0,0,0,0,0,4,0,0,0,0,0,0,4,2017-06-12
0,0,0,0,0,0,0,0,0,0,0,0,0,0,0,0,2017-06-01
0,0,0,0,0,0,0,0,0,0,0,0,0,0,0,0,2017-01-17
0,0,0,0,0,0,0,0,0,0,0,0,0,0,0,0,2017-10-05
0,0,0,0,0,0,0,0,0,0,0,0,0,0,0,0,2017-11-30
0,0,0,0,0,0,0,0,0,0,0,0,0,0,0,0,2017-11-16
0,0,0,0,0,0,0,0,0,0,0,0,0,0,0,14,2017-03-15
0,0,0,0,0,0,0,0,0,0,0,0,0,0,0,14,2017-01-18
0,0,0,0,0,0,0,0,0,0,0,0,0,0,0,16,2017-04-05
0,0,0,0,0,0,0,0,0,0,0,0,0,0,0,32,2017-10-04
0,0,0,0,0,0,0,0,0,0,0,0,0,0,0,0,2017-07-03
0,0,0,0,0,0,0,0,0,0,0,0,0,0,0,6,2017-02-01
0,0,0,0,0,0,0,0,0,0,0,0,0,0,0,2,2017-10-02
0,0,0,0,0,0,0,0,0,0,0,0,0,0,0,0,2017-04-27
0,0,0,0,0,0,0,0,0,0,0,0,0,0,0,0,2017-05-18
0,0,0,0,0,0,0,0,0,0,0,0,0,0,0,16,2017-03-01
0,0,0,0,0,0,0,0,0,0,0,0,0,0,0,0,2017-07-04
0,0,0,0,0,0,0,0,0,0,0,0,0,0,0,0,2017-03-14
0,0,0,0,0,0,0,0,0,0,0,0,0,0,0,14,2017-07-05
0,0,0,0,2,0,0,0,8,0,0,0,0,0,0,66,2017-09-13
0,0,0,0,0,0,0,0,0,0,0,0,0,0,0,0,2017-03-02
0,0,0,0,0,0,0,0,0,0,0,0,0,0,0,0,2017-11-13
0,0,0,0,0,0,0,0,0,0,0,0,0,0,0,0,2017-03-13
0,0,0,0,0,0,0,0,0,0,0,0,0,0,0,0,2017-02-16
0,0,0,0,0,0,0,0,0,0,0,0,0,0,0,0,2017-03-16
0,0,0,0,0,0,0,0,0,0,0,0,0,0,0,0,2017-02-02
0,0,0,0,0,0,0,0,0,0,0,0,0,0,0,0,2018-11-13
0,0,0,0,0,0,0,0,0,0,0,0,0,0,0,0,2018-06-12
0,0,0,0,0,0,0,0,0,0,0,0,0,0,0,0,2018-05-03
0,0,0,0,0,0,0,0,0,0,0,0,0,0,0,0,2018-10-02
0,0,0,0,0,0,0,0,0,0,0,0,0,0,0,2,2018-07-03
0,0,0,0,0,0,0,0,0,0,0,0,0,0,0,0,2018-03-15
0,0,0,0,0,0,0,0,0,0,0,0,0,0,0,0,2018-09-11
0,0,0,0,0,0,0,0,0,0,0,0,0,0,0,0,2018-05-29
0,0,0,0,0,0,0,0,4,0,0,0,0,0,0,4,2018-05-28
0,0,0,0,0,0,0,0,0,0,0,0,0,0,0,0,2018-05-31
0,0,0,0,0,0,0,0,0,0,0,0,0,0,0,0,2018-10-25
0,0,0,0,0,0,0,0,0,0,0,0,0,0,0,0,2018-02-08
0,0,0,0,0,0,0,0,0,0,0,0,0,0,0,12,2018-02-07
0,0,0,0,0,0,0,0,0,0,0,0,0,0,0,4,2018-07-04
0,0,0,0,0,0,0,0,0,0,0,0,0,0,0,0,2018-12-11
0,0,0,0,0,0,0,0,16,0,0,0,0,0,0,16,2018-04-17
0,0,0,0,0,0,0,0,0,0,0,0,0,0,0,0,2018-02-06
0,0,0,0,0,0,0,0,0,0,0,0,0,0,0,0,2018-09-13
0,0,0,0,0,0,0,0,0,0,0,0,0,0,0,0,2018-06-14
0,0,0,0,0,0,0,0,0,0,0,0,0,0,0,14,2018-04-18
0,0,0,0,0,0,0,0,0,0,0,0,0,0,0,0,2018-01-16
0,0,0,0,0,0,0,0,0,0,0,0,0,0,0,0,2018-11-15
0,0,0,0,0,0,0,0,0,0,0,0,0,0,0,0,2018-01-18
0,0,0,0,0,0,0,0,0,0,0,0,0,0,0,0,2018-04-19
0,0,0,0,0,0,0,0,0,0,0,0,0,0,0,14,2018-10-24
0,0,0,0,0,0,0,0,0,0,0,0,0,0,0,2,2018-12-13
0,0,0,0,0,0,0,0,0,0,0,0,0,0,0,4,2018-01-15
0,0,0,0,0,0,0,0,0,0,0,0,0,0,0,2,2018-06-11
0,0,0,0,0,0,0,0,0,0,0,0,0,0,0,14,2018-06-13
0,0,0,0,0,0,0,0,0,0,0,0,0,0,0,28,2018-01-17
0,0,0,0,0,0,0,0,0,0,0,0,0,0,0,10,2018-05-02
0,0,0,0,0,0,0,0,0,0,0,0,0,0,0,64,2018-09-10
0,0,0,0,0,0,0,0,0,0,0,0,0,0,0,0,2018-10-22
0,0,0,0,0,0,0,0,0,0,0,0,0,0,0,16,2018-05-30
0,0,0,0,0,0,0,0,0,0,0,0,0,0,0,0,2018-10-03
0,0,0,0,0,0,0,0,0,0,0,0,0,0,0,0,2018-10-04
0,0,0,0,2,0,0,0,0,0,0,0,0,0,0,32,2018-03-14
0,0,0,0,0,0,0,0,0,0,0,0,0,0,0,2,2018-02-05
0,0,0,0,0,0,0,0,0,0,0,0,0,0,0,12,2018-11-14
0,0,0,0,0,0,0,0,0,0,0,0,0,0,0,2,2018-03-12
0,0,0,0,0,0,0,0,0,0,0,0,0,0,0,0,2018-03-13
0,0,0,0,0,0,0,0,0,0,0,0,0,0,0,0,2018-07-05
0,0,0,0,0,0,0,0,0,0,0,0,0,0,0,0,2018-12-10
0,0,0,0,0,0,0,0,16,0,0,0,0,0,0,16,2018-04-16
0,0,0,0,0,0,0,0,0,0,0,0,0,0,0,0,2018-11-12
0,0,0,0,0,0,0,0,0,0,0,0,0,0,0,0,2018-10-23
0,0,0,0,0,0,0,0,0,0,0,0,0,0,0,6,2018-03-01
0,0,0,0,0,0,0,0,8,0,0,0,0,0,0,32,2018-11-28
0,0,0,0,0,0,0,0,0,0,0,0,0,0,0,0,2018-07-02
0,0,0,0,0,0,0,0,0,0,0,0,0,0,0,6,2018-12-12
0,0,0,0,0,0,0,0,0,0,0,0,0,0,0,0,2018-09-12
0,0,0,0,0,0,0,0,0,0,0,0,0,0,0,20,2018-02-28
0,0,0,0,0,0,0,0,0,0,0,0,0,0,0,0,2018-10-01
0,0,0,0,0,0,0,0,0,0,0,0,0,0,0,0,2018-11-29
0,0,0,0,0,0,0,0,0,0,0,0,0,0,0,0,2019-10-24
0,0,0,0,0,0,0,0,0,0,0,0,0,0,0,8,2019-03-28
0,0,0,0,0,0,0,0,0,0,0,0,0,0,0,0,2019-11-28
0,0,0,0,0,0,0,0,0,0,0,0,0,0,0,4,2019-04-04
0,0,0,0,0,0,0,0,0,0,0,0,0,0,0,68,2019-01-16
0,0,0,0,0,0,0,0,0,0,0,0,0,0,0,0,2019-03-12
0,0,0,0,0,0,0,0,0,0,0,0,0,0,0,0,2019-07-15
0,0,0,0,0,0,0,0,0,0,0,0,0,0,0,0,2019-07-16
0,0,0,0,0,0,0,0,0,0,0,0,0,0,0,0,2019-10-22
0,0,0,0,0,0,0,0,0,0,0,0,0,0,0,0,2019-02-12
0,0,0,0,0,0,0,0,0,0,0,0,0,0,0,0,2019-10-10
0,0,0,0,0,0,0,0,0,0,0,0,0,0,0,2,2019-01-14
0,0,0,0,0,0,0,0,0,0,0,0,0,0,0,0,2019-01-15
0,0,0,0,0,0,0,0,0,0,0,0,0,0,0,0,2019-09-17
0,0,0,0,0,0,0,0,0,0,0,0,0,0,0,0,2019-01-31
0,0,0,0,0,0,0,0,0,0,0,0,0,0,0,0,2019-04-17
0,0,0,0,0,0,0,0,0,0,0,0,0,0,0,34,2019-10-23
0,0,0,0,0,0,0,0,0,0,0,0,0,0,0,0,2019-11-14
0,0,0,0,0,0,0,0,0,0,0,0,0,0,0,76,2019-03-27
0,0,0,0,0,0,0,0,0,0,0,0,0,0,0,14,2019-11-13
0,0,0,0,0,0,0,0,0,0,0,0,0,0,0,20,2019-01-30
0,0,0,0,0,0,0,0,0,0,0,0,0,0,0,0,2019-03-25
0,0,0,0,0,0,0,0,0,0,0,0,0,0,0,0,2019-11-26
0,0,0,0,0,0,0,0,0,0,0,0,0,0,0,0,2019-12-17
0,0,0,0,0,0,0,0,0,0,0,0,0,0,0,0,2019-07-18
0,0,0,0,0,0,0,0,0,0,0,0,0,0,0,2,2019-07-17
0,0,0,0,0,0,0,0,0,0,0,0,0,0,0,0,2019-03-26
0,0,0,0,0,0,0,0,0,0,0,0,0,0,0,22,2019-02-13
0,0,0,0,0,0,0,0,0,0,0,0,0,0,0,18,2019-10-09
0,0,0,0,0,0,0,0,0,0,0,0,0,0,0,0,2019-02-14
0,0,0,0,0,0,0,0,0,0,0,0,0,0,0,0,2019-12-16
0,0,0,0,0,0,0,0,0,0,0,0,0,0,0,0,2019-11-25
0,0,0,0,0,0,0,0,0,0,0,0,0,0,0,0,2019-12-19
0,0,0,0,0,0,0,0,0,0,0,0,0,0,0,10,2019-11-27
0,0,0,0,0,0,0,0,0,0,0,0,0,0,0,0,2019-10-21
0,0,0,0,0,0,0,0,0,0,0,0,0,0,0,0,2019-12-11
0,0,0,0,0,0,0,0,0,0,0,0,0,0,0,14,2019-12-18
0,0,0,0,0,0,0,0,0,0,0,0,0,0,0,4,2019-04-03
0,0,0,0,0,0,0,0,0,0,0,0,0,0,0,2,2019-09-19
0,0,0,0,0,0,0,0,0,0,0,0,0,0,0,0,2019-07-03
0,0,0,0,0,0,0,0,0,0,0,0,0,0,0,0,2019-04-15
0,0,0,0,0,0,0,0,0,0,0,0,0,0,0,4,2019-02-11
0,0,0,0,0,0,0,0,0,0,0,0,0,0,0,48,2019-03-13
0,0,0,0,0,0,0,0,0,0,0,0,0,0,0,2,2019-03-11
0,0,0,0,0,0,0,0,0,0,0,0,0,0,0,2,2019-09-16
0,0,0,0,0,0,0,0,0,0,0,0,0,0,0,70,2019-09-18
0,0,0,0,0,0,0,0,0,0,0,0,0,0,0,0,2019-03-14
0,0,0,0,0,0,0,0,0,0,0,0,0,0,0,0,2019-04-16
0,0,0,0,0,0,0,0,0,0,0,0,0,0,0,0,2019-01-17
0,0,0,0,0,0,0,0,0,0,0,0,0,0,0,2,2019-04-18
0,0,0,0,0,0,0,0,0,0,0,0,0,0,0,0,2019-07-04
0,0,0,0,0,0,0,0,0,0,0,0,0,0,0,0,2020-11-13
0,0,0,0,0,0,0,0,0,0,0,0,0,0,0,2,2020-03-26
0,0,0,0,0,0,0,0,0,0,0,0,0,0,0,0,2020-11-12
0,0,0,0,0,0,0,0,0,0,0,0,0,0,0,8,2020-04-16
0,0,0,0,0,0,0,0,0,0,0,0,0,0,0,4,2020-10-05
0,0,0,0,0,0,0,0,0,0,0,0,0,0,0,0,2020-07-10
0,0,0,0,0,0,0,0,0,0,0,0,0,0,0,0,2020-05-15
0,0,0,0,0,0,0,0,0,0,0,0,0,0,0,0,2020-03-09
0,0,0,0,0,0,0,0,0,0,0,0,0,0,0,20,2020-10-21
0,0,0,0,0,0,0,0,0,0,0,0,0,0,0,26,2020-11-11
0,0,0,0,0,0,0,0,0,0,0,0,0,0,0,0,2020-06-18
0,0,0,0,0,0,0,0,0,0,0,0,0,0,0,0,2020-04-17
0,0,0,0,0,0,0,0,0,0,0,0,0,0,0,12,2020-07-09
0,0,0,0,0,0,0,0,0,0,0,0,0,0,0,0,2020-10-19
0,0,0,0,0,0,0,0,0,0,0,0,0,0,0,0,2020-10-23
0,0,0,0,0,0,0,0,0,0,0,0,0,0,0,0,2020-10-20
0,0,0,0,0,0,0,0,0,0,0,0,0,0,0,12,2020-01-29
0,0,0,0,0,0,0,0,0,0,0,0,0,0,0,12,2020-10-07
0,0,0,0,0,0,0,0,0,0,0,0,0,0,0,0,2020-07-08
0,0,0,0,0,0,0,0,0,0,0,0,0,0,0,0,2020-05-14
0,0,0,0,0,0,0,0,0,0,0,0,0,0,0,18,2020-07-23
0,0,0,0,0,0,0,0,0,0,0,0,0,0,0,0,2020-09-15
0,0,0,0,0,0,0,0,0,0,0,0,0,0,0,2,2020-09-14
0,0,0,0,0,0,0,0,0,0,0,0,0,0,0,0,2020-01-30
0,0,0,0,0,0,0,0,0,0,0,0,0,0,0,14,2020-03-10
0,0,0,0,0,0,0,0,0,0,0,0,0,0,0,24,2020-06-17
0,0,0,0,0,0,0,0,0,0,0,0,0,0,0,38,2020-01-15
0,0,0,0,0,0,0,0,0,0,0,0,0,0,0,0,2020-06-19
0,0,0,0,0,0,0,0,0,0,0,0,0,0,0,4,2020-10-08
0,0,0,0,0,0,0,0,0,0,0,0,0,0,0,0,2020-02-13
0,0,0,0,0,0,0,0,0,0,0,0,0,0,0,0,2020-01-14
0,0,0,0,0,0,0,0,0,0,0,0,0,0,0,0,2020-01-16
0,0,0,0,0,0,0,0,0,0,0,0,0,0,0,8,2020-05-27
0,0,0,0,0,0,0,0,0,0,0,0,0,0,0,0,2020-10-22
0,0,0,0,0,0,0,0,0,0,0,0,0,0,0,42,2020-09-16
0,0,0,0,0,0,0,0,0,0,0,0,0,0,0,0,2020-09-17
0,0,0,0,0,0,0,0,0,0,0,0,0,0,0,0,2020-02-10
0,0,0,0,0,0,0,0,0,0,0,0,0,0,0,0,2020-01-13
0,0,0,0,0,0,0,0,0,0,0,0,0,0,0,0,2020-02-11
0,0,0,0,0,0,0,0,0,0,0,0,0,0,0,22,2020-05-13
0,0,0,0,0,0,0,0,0,0,0,0,0,0,0,2,2020-10-06
0,0,0,0,0,0,0,0,0,0,0,0,0,0,0,14,2020-02-12
